"date","geography","geography code","Country of birth: Total; measures: Value","Country of birth: Europe; measures: Value","Country of birth: Europe: United Kingdom; measures: Value","Country of birth: Europe: EU countries; measures: Value","Country of birth: Europe: EU countries: European Union EU14; measures: Value","Country of birth: Europe: EU countries: European Union EU8; measures: Value","Country of birth: Europe: EU countries: European Union EU2; measures: Value","Country of birth: Europe: EU countries: All other EU countries; measures: Value","Country of birth: Europe: Non-EU countries; measures: Value","Country of birth: Europe: Non-EU countries: All other non-EU countries; measures: Value","Country of birth: Africa; measures: Value","Country of birth: Middle East and Asia; measures: Value","Country of birth: The Americas and the Caribbean; measures: Value","Country of birth: Antarctica and Oceania (including Australasia) and Other; measures: Value","Country of birth: British Overseas ; measures: Value"
"2021","Hartlepool","E06000001",92334,90173,88673,1358,574,663,62,59,142,142,489,1392,198,77,5
"2021","Middlesbrough","E06000002",143928,131177,126242,4505,1495,1746,1184,80,430,430,3388,8960,309,82,12
"2021","Redcar and Cleveland","E06000003",136529,134386,132550,1651,1054,358,135,104,185,185,526,1198,272,146,1
"2021","Stockton-on-Tees","E06000004",196595,188227,184328,3511,1888,890,570,163,388,388,2249,5310,608,190,11
"2021","Darlington","E06000005",107799,104041,99373,4425,1495,1969,815,146,243,243,791,2403,418,139,7
"2021","County Durham","E06000047",522067,509647,499175,9492,5283,2988,842,379,980,980,2606,7324,1787,624,79
"2021","Northumberland","E06000057",320567,314487,309315,4609,2937,1035,373,264,563,563,1494,2949,1118,485,34
"2021","Newcastle upon Tyne","E08000021",300127,265064,247792,15517,7118,5306,2573,520,1755,1755,7938,24498,2106,454,67
"2021","North Tyneside","E08000022",208967,202339,197429,4279,2411,996,693,179,631,631,1458,4055,773,332,10
"2021","South Tyneside","E08000023",147777,143605,141225,2086,1194,610,207,75,294,294,821,2901,342,97,11
"2021","Sunderland","E08000024",274172,265350,260190,4685,2280,1555,643,207,475,475,2644,5479,510,167,22
"2021","Gateshead","E08000037",196151,187935,181578,5608,2348,2242,883,135,749,749,2068,5224,730,181,13
"2021","Halton","E06000006",128478,126124,122350,3422,1228,1210,916,68,352,352,574,1300,344,132,4
"2021","Warrington","E06000007",210975,202887,191226,10768,2803,5526,2267,172,893,893,1770,5023,805,342,148
"2021","Blackburn with Darwen","E06000008",154738,133407,126745,6291,2372,2939,907,73,371,371,2708,18108,378,107,30
"2021","Blackpool","E06000009",141037,136380,129903,6126,1994,2828,1134,170,351,351,906,3143,422,175,11
"2021","Cheshire East","E06000049",398772,383985,365637,16976,5993,7439,3208,336,1372,1372,3424,8288,2173,843,59
"2021","Cheshire West and Chester","E06000050",357149,345044,330940,12720,6078,4450,1865,327,1384,1384,3194,6265,1953,622,71
"2021","Allerdale","E07000026",96150,94749,93035,1546,801,500,189,56,168,168,376,635,241,131,18
"2021","Barrow-in-Furness","E07000027",67403,65872,64829,890,472,194,174,50,153,153,400,857,188,85,1
"2021","Carlisle","E07000028",110022,107202,102654,4313,1443,2009,737,124,235,235,747,1532,376,149,16
"2021","Copeland","E07000029",67075,65983,65116,753,444,186,81,42,114,114,316,539,146,87,4
"2021","Eden","E07000030",54733,53622,51963,1565,509,543,477,36,94,94,338,456,205,103,9
"2021","South Lakeland","E07000031",104450,101917,98125,3562,1344,1552,605,61,230,230,661,945,648,268,11
"2021","Burnley","E07000117",94647,87753,82579,4924,1417,2103,1321,83,250,250,408,6212,203,60,11
"2021","Chorley","E07000118",117731,115009,111902,2901,1352,1251,234,64,206,206,731,1330,471,163,27
"2021","Fylde","E07000119",81374,79313,76530,2564,1334,912,176,142,219,219,519,1030,340,165,7
"2021","Hyndburn","E07000120",82233,77404,74872,2417,817,1383,172,45,115,115,362,4245,147,68,7
"2021","Lancaster","E07000121",142934,136371,129346,6470,2555,2853,861,201,555,555,1436,4006,828,265,28
"2021","Pendle","E07000122",95755,84734,78852,5733,2014,2506,1171,42,149,149,387,10345,194,92,3
"2021","Preston","E07000123",147835,129696,119341,9835,2690,4872,2120,153,520,520,3563,13442,887,150,97
"2021","Ribble Valley","E07000124",61559,60195,58971,1130,670,374,44,42,94,94,300,721,219,123,1
"2021","Rossendale","E07000125",70871,68661,67329,1236,811,320,75,30,96,96,265,1700,160,73,12
"2021","South Ribble","E07000126",111035,108506,105522,2800,1292,1102,278,128,184,184,743,1285,355,127,19
"2021","West Lancashire","E07000127",117429,115268,110440,4524,1466,2138,853,67,304,304,549,1069,389,135,19
"2021","Wyre","E07000128",111946,109935,107748,1945,1169,305,394,77,242,242,458,1085,312,149,7
"2021","Bolton","E08000001",295959,258279,245907,11318,5711,4436,1017,154,1054,1054,9616,26654,1129,222,59
"2021","Bury","E08000002",193852,178750,170444,7499,3993,2890,489,127,807,807,2818,10966,1048,236,34
"2021","Manchester","E08000003",551937,428451,378730,45259,27900,12576,4089,694,4462,4462,37872,75297,8821,977,519
"2021","Oldham","E08000004",242088,212093,201825,9810,5293,2452,1949,116,458,458,4761,24191,849,154,40
"2021","Rochdale","E08000005",223773,199617,189122,9883,4728,4075,948,132,612,612,5419,17822,707,174,34
"2021","Salford","E08000006",269920,240629,218617,19856,8833,8235,2511,277,2156,2156,11437,14411,2834,416,193
"2021","Stockport","E08000007",294774,276325,266918,8338,5288,2064,709,277,1069,1069,3296,13067,1572,485,29
"2021","Tameside","E08000008",231070,215275,207201,7518,3825,2986,582,125,556,556,4203,10670,686,183,53
"2021","Trafford","E08000009",235052,210803,200116,9655,6201,2475,653,326,1032,1032,4315,16758,2596,513,67
"2021","Wigan","E08000010",329328,319893,308857,10077,3273,4468,2139,197,959,959,3339,4819,911,331,35
"2021","Knowsley","E08000011",154519,150646,146552,3672,1211,1709,665,87,422,422,1010,2014,782,59,8
"2021","Liverpool","E08000012",486089,442188,413636,25502,10795,9849,4386,472,3050,3050,11146,26359,5672,619,105
"2021","St. Helens","E08000013",183247,179396,174056,4881,1724,2178,889,90,459,459,973,2160,537,164,17
"2021","Sefton","E08000014",279233,272026,261264,9861,3890,4185,1594,192,901,901,1743,3582,1475,386,21
"2021","Wirral","E08000015",320200,310779,302789,7167,4160,1904,839,264,823,823,1880,5656,1343,498,44
"2021","Kingston upon Hull, City of","E06000010",267013,254661,232051,21264,3229,13709,4113,213,1346,1346,3894,7498,690,224,46
"2021","East Riding of Yorkshire","E06000011",342215,335171,325230,9232,3905,3943,1025,359,709,709,1726,3499,1241,547,31
"2021","North East Lincolnshire","E06000012",156964,153271,146658,6253,1451,2905,1725,172,360,360,1011,2233,305,133,11
"2021","North Lincolnshire","E06000013",169681,164223,153709,10189,2319,5885,1832,153,325,325,1025,3802,452,157,22
"2021","York","E06000014",202822,191191,180964,8998,5030,2754,908,306,1229,1229,1936,6938,2129,594,34
"2021","Craven","E07000163",56927,55543,54295,1159,589,419,108,43,89,89,304,685,240,151,4
"2021","Hambleton","E07000164",90689,88747,86235,2366,1303,789,136,138,146,146,588,821,290,228,15
"2021","Harrogate","E07000165",162668,155459,148113,6643,3276,2618,527,222,703,703,1562,2839,2231,562,15
"2021","Richmondshire","E07000166",49776,47172,45405,1685,1322,184,59,120,82,82,389,1591,290,327,7
"2021","Ryedale","E07000167",54705,53639,51851,1658,687,593,330,48,130,130,291,403,214,150,8
"2021","Scarborough","E07000168",108736,106158,102093,3827,1201,1527,897,202,238,238,613,1405,355,190,15
"2021","Selby","E07000169",91991,90366,86958,3228,1033,1699,406,90,180,180,504,652,301,159,9
"2021","Barnsley","E08000016",244571,240148,228841,10589,1894,4717,3822,156,718,718,1569,2149,510,182,13
"2021","Doncaster","E08000017",308103,297915,275987,20407,3207,10229,6647,324,1521,1521,2967,6052,904,251,14
"2021","Rotherham","E08000018",265805,255956,247612,7677,2005,4547,957,168,667,667,2336,6789,554,156,14
"2021","Sheffield","E08000019",556523,499065,473313,22905,8905,10197,3160,643,2847,2847,16483,35669,4420,678,208
"2021","Bradford","E08000032",546411,470329,444477,24347,6900,15444,1729,274,1505,1505,8594,64195,2575,557,161
"2021","Calderdale","E08000033",206629,195582,189037,6067,2605,2945,349,168,478,478,1286,8758,690,292,21
"2021","Kirklees","E08000034",433216,392497,378708,12676,5214,5635,1530,297,1113,1113,5585,31852,2743,477,62
"2021","Leeds","E08000035",811953,729705,683681,42283,18554,16855,6054,820,3741,3741,27227,46132,6962,1370,557
"2021","Wakefield","E08000036",353370,341078,323296,16957,3524,11816,1410,207,825,825,3694,7363,872,337,26
"2021","Derby","E06000015",261364,231311,210170,19668,5383,11633,2336,316,1473,1473,5941,21633,2196,223,60
"2021","Leicester","E06000016",368570,251917,217078,31880,11936,13164,6235,545,2959,2959,33542,79372,2825,447,467
"2021","Rutland","E06000017",41049,39176,37658,1352,850,328,62,112,166,166,623,610,395,224,21
"2021","Nottingham","E06000018",323632,273133,244133,26759,10059,11975,4148,577,2241,2241,14762,29073,5880,422,362
"2021","North Northamptonshire","E06000061",359523,339984,303952,32522,6803,16344,8583,792,3510,3510,8124,7695,3105,492,123
"2021","West Northamptonshire","E06000062",425725,393212,345735,37978,9395,15756,12279,548,9499,9499,13894,13726,3869,851,173
"2021","Amber Valley","E07000032",126204,124187,121480,2478,1085,1029,261,103,229,229,566,892,406,136,17
"2021","Bolsover","E07000033",80273,79092,75662,3308,668,2067,512,61,122,122,435,519,163,57,7
"2021","Chesterfield","E07000034",103567,100998,98498,2212,1105,731,302,74,288,288,721,1428,318,86,16
"2021","Derbyshire Dales","E07000035",71543,70134,68848,1167,755,308,52,52,119,119,379,521,342,161,6
"2021","Erewash","E07000036",112906,110351,106972,3156,1269,1297,471,119,223,223,722,1203,460,159,11
"2021","High Peak","E07000037",90933,89207,87157,1869,1162,539,98,70,181,181,444,718,373,182,9
"2021","North East Derbyshire","E07000038",102000,100511,98829,1490,793,507,128,62,192,192,440,717,242,78,12
"2021","South Derbyshire","E07000039",107209,103807,100786,2780,1162,1196,321,101,241,241,812,2069,381,130,10
"2021","Blaby","E07000129",102924,96986,93029,3564,1334,1550,530,150,393,393,2057,3279,469,117,16
"2021","Charnwood","E07000130",183971,167967,159857,7373,3441,2356,1310,266,737,737,5057,9576,993,320,58
"2021","Harborough","E07000131",97626,93473,90617,2582,1415,790,289,88,274,274,1477,1938,469,248,21
"2021","Hinckley and Bosworth","E07000132",113638,110476,106587,3581,1318,1479,667,117,308,308,1057,1519,410,165,11
"2021","Melton","E07000133",51753,50633,48514,2012,781,1022,123,86,107,107,377,468,165,101,9
"2021","North West Leicestershire","E07000134",104707,102295,98326,3728,1257,1789,575,107,241,241,824,1086,356,142,4
"2021","Oadby and Wigston","E07000135",57748,48873,46568,1886,993,636,182,75,419,419,3270,5144,355,68,38
"2021","Boston","E07000136",70502,68338,53830,14099,1282,10072,2675,70,409,409,584,1266,260,50,4
"2021","East Lindsey","E07000137",142294,139918,136421,3188,1587,1187,251,163,309,309,624,1170,407,159,16
"2021","Lincoln","E07000138",103814,98571,88152,9904,2426,5162,2108,208,515,515,1326,3045,689,155,28
"2021","North Kesteven","E07000139",118074,115320,110835,4189,2193,1311,298,387,296,296,772,1214,569,186,13
"2021","South Holland","E07000140",95125,92911,81215,11424,1577,7957,1756,134,272,272,699,992,433,80,10
"2021","South Kesteven","E07000141",143405,138641,130616,7617,2795,3932,579,311,408,408,1378,2301,798,261,26
"2021","West Lindsey","E07000142",95152,93016,90468,2390,1332,756,159,143,158,158,598,1042,369,115,12
"2021","Ashfield","E07000170",126300,123320,119087,3993,1017,2134,751,91,240,240,1044,1487,349,78,22
"2021","Bassetlaw","E07000171",117805,115426,109896,5280,1165,3103,913,99,250,250,707,1185,325,155,7
"2021","Broxtowe","E07000172",110940,104285,99589,4228,2060,1499,543,126,468,468,1528,4121,777,206,23
"2021","Gedling","E07000173",117262,112417,108337,3692,1796,1418,344,134,388,388,1318,2492,854,154,27
"2021","Mansfield","E07000174",110481,107539,98571,8537,1119,5280,2033,105,431,431,919,1571,347,93,12
"2021","Newark and Sherwood","E07000175",122956,120266,114028,5937,1561,3192,1052,132,301,301,825,1139,508,211,7
"2021","Rushcliffe","E07000176",119076,112883,109177,3321,2249,694,210,168,385,385,1340,3708,823,295,27
"2021","Herefordshire, County of","E06000019",187034,181557,170958,10117,2575,4964,2380,198,482,482,1482,2560,889,518,28
"2021","Telford and Wrekin","E06000020",185540,175530,164432,10634,3075,4918,2394,247,464,464,3597,5417,739,225,32
"2021","Stoke-on-Trent","E06000021",258371,238952,224531,13400,3526,5482,4208,184,1021,1021,4501,13550,893,425,50
"2021","Shropshire","E06000051",323607,314995,304471,9706,4361,2607,2416,322,818,818,2235,4140,1443,745,49
"2021","Cannock Chase","E07000192",100517,99144,96919,2047,818,606,549,74,178,178,332,764,208,61,8
"2021","East Staffordshire","E07000193",124019,117042,106755,9902,1541,5934,2322,105,385,385,971,5400,467,133,6
"2021","Lichfield","E07000194",106435,103988,101308,2470,1145,894,345,86,210,210,559,1306,409,155,18
"2021","Newcastle-under-Lyme","E07000195",123300,118663,114929,3261,1305,1209,629,118,473,473,1031,3039,403,151,13
"2021","South Staffordshire","E07000196",110472,108393,106840,1391,882,313,120,76,162,162,512,1143,313,94,17
"2021","Stafford","E07000197",136865,131499,126625,4529,1955,1360,1015,199,345,345,1213,3175,761,194,23
"2021","Staffordshire Moorlands","E07000198",95844,94752,93393,1236,655,354,159,68,123,123,250,527,217,95,3
"2021","Tamworth","E07000199",78647,77355,73339,3801,781,1290,1657,73,215,215,363,649,202,72,6
"2021","North Warwickshire","E07000218",65035,64031,62234,1665,645,436,557,27,132,132,305,449,198,49,3
"2021","Nuneaton and Bedworth","E07000219",134198,125972,118758,6863,1702,3255,1772,134,351,351,1997,5558,526,110,35
"2021","Rugby","E07000220",114363,105642,93470,11136,2851,5985,2200,100,1036,1036,2685,4715,1086,219,16
"2021","Stratford-on-Avon","E07000221",134726,129788,123358,5931,2569,2071,1119,172,499,499,1376,2095,1011,436,20
"2021","Warwick","E07000222",148453,135295,124265,10025,5871,2251,1661,242,1005,1005,2089,8599,1926,517,27
"2021","Bromsgrove","E07000234",99183,96402,94380,1762,1170,363,144,85,260,260,705,1498,433,136,9
"2021","Malvern Hills","E07000235",79489,77071,74872,1996,1114,597,194,91,203,203,722,1046,423,216,11
"2021","Redditch","E07000236",87037,83489,77100,6176,965,4113,1035,63,213,213,602,2446,414,79,7
"2021","Worcester","E07000237",103872,98272,90586,7173,2304,2772,1950,147,513,513,1258,3539,602,183,18
"2021","Wychavon","E07000238",132494,129329,121686,7331,1634,3475,2077,145,312,312,1034,1304,568,240,19
"2021","Wyre Forest","E07000239",101607,99586,96555,2841,1077,1068,609,87,190,190,390,1237,266,117,11
"2021","Birmingham","E08000025",1144919,914214,838959,68045,37203,15851,13838,1153,7210,7210,52305,155565,20361,1027,1447
"2021","Coventry","E08000026",345324,286662,248991,34802,12303,12860,9215,424,2869,2869,18850,36390,2938,332,152
"2021","Dudley","E08000027",323488,306050,297930,7241,3052,2534,1470,185,879,879,3273,12325,1614,175,51
"2021","Sandwell","E08000028",341833,282840,261213,19806,7095,9579,2978,154,1821,1821,9786,43547,5239,128,293
"2021","Solihull","E08000029",216238,201075,193991,6404,4089,1326,764,225,680,680,3078,10166,1531,324,64
"2021","Walsall","E08000030",284120,254733,242162,11983,3941,5487,2368,187,588,588,5499,21821,1839,122,106
"2021","Wolverhampton","E08000031",263727,221656,203312,17150,5782,7137,4080,151,1194,1194,9414,28308,3955,167,227
"2021","Peterborough","E06000031",215673,189839,154787,33434,6760,21719,4636,319,1618,1618,6847,16162,2483,276,66
"2021","Luton","E06000032",225262,171322,138675,29831,9100,11345,9173,213,2816,2816,11067,38597,3996,157,123
"2021","Southend-on-Sea","E06000033",180686,168233,158100,8694,3942,3206,1264,282,1439,1439,4131,6606,1246,438,32
"2021","Thurrock","E06000034",176000,157657,139059,16122,2866,7021,6032,203,2476,2476,9920,6764,1439,164,56
"2021","Bedford","E06000055",185226,165544,145586,18401,6117,8005,3749,530,1557,1557,5634,11223,2411,370,44
"2021","Central Bedfordshire","E06000056",294252,279061,261763,15932,6541,5214,3768,409,1366,1366,5486,6664,2314,658,69
"2021","Cambridge","E07000008",145674,116763,90388,23026,15026,5419,2099,482,3349,3349,3741,17637,6217,1284,32
"2021","East Cambridgeshire","E07000009",87762,83091,77395,5298,2279,2138,746,135,398,398,1243,1541,1605,267,15
"2021","Fenland","E07000010",102461,100013,89691,9833,1547,6851,1304,131,489,489,764,1063,493,110,18
"2021","Huntingdonshire","E07000011",180830,170022,158430,10751,4061,4832,1477,381,841,841,2943,4255,3129,452,29
"2021","South Cambridgeshire","E07000012",162120,148089,135924,10831,6069,3003,1498,261,1334,1334,3270,7291,2646,801,23
"2021","Basildon","E07000066",187573,175221,165407,8340,2802,2619,2682,237,1474,1474,5278,5361,1332,312,69
"2021","Braintree","E07000067",155268,150228,144076,5642,2485,2071,907,179,510,510,1881,1949,863,331,16
"2021","Brentwood","E07000068",77048,72148,68392,3224,1773,706,608,137,532,532,1543,2476,619,247,15
"2021","Castle Point","E07000069",89586,87202,85303,1641,984,324,222,111,258,258,856,1116,297,107,8
"2021","Chelmsford","E07000070",181520,168872,159914,7929,3874,1964,1880,211,1029,1029,3862,6930,1355,442,59
"2021","Colchester","E07000071",192714,177726,164707,11751,5321,3178,2768,484,1268,1268,4399,8228,1814,501,46
"2021","Epping Forest","E07000072",134980,126119,116277,7726,2997,2132,2107,490,2116,2116,2700,4431,1339,367,24
"2021","Harlow","E07000073",93328,85402,76255,7984,1933,3394,2502,155,1163,1163,3462,3645,673,109,37
"2021","Maldon","E07000074",66208,64733,63255,1337,805,269,188,75,141,141,439,637,249,133,17
"2021","Rochford","E07000075",85662,83700,82203,1299,862,238,116,83,198,198,620,887,304,143,8
"2021","Tendring","E07000076",148292,144948,140821,3786,2249,918,422,197,341,341,968,1569,567,224,16
"2021","Uttlesford","E07000077",91338,87569,83396,3776,2235,955,456,130,397,397,1192,1476,735,352,14
"2021","Broxbourne","E07000095",99010,92746,81314,8525,3322,2512,1752,939,2907,2907,2917,1993,1178,147,29
"2021","Dacorum","E07000096",155081,143450,132881,9410,3845,2410,2972,183,1159,1159,3907,5341,1723,581,79
"2021","Hertsmere","E07000098",107828,94907,83151,9985,3641,2071,3766,507,1771,1771,4956,6176,1503,275,11
"2021","North Hertfordshire","E07000099",133211,124407,117793,5956,3557,1591,633,175,658,658,2444,4233,1651,449,27
"2021","Three Rivers","E07000102",93772,82621,75953,5880,3058,1174,1476,172,788,788,3750,5846,1145,396,14
"2021","Watford","E07000103",102245,81735,67527,12710,4666,3408,4519,117,1498,1498,4895,13505,1836,250,24
"2021","Breckland","E07000143",141476,137173,126175,10469,3750,5534,969,216,529,529,1093,1375,1592,222,21
"2021","Broadland","E07000144",131720,127966,124296,3325,1708,891,539,187,345,345,1143,1716,611,269,15
"2021","Great Yarmouth","E07000145",99750,96349,89995,6007,2450,2662,743,152,347,347,1098,1793,404,97,9
"2021","King's Lynn and West Norfolk","E07000146",154325,148337,138376,9116,2413,5683,817,203,845,845,1151,2621,1988,218,10
"2021","North Norfolk","E07000147",102979,100872,98291,2371,1279,677,282,133,210,210,644,812,444,192,15
"2021","Norwich","E07000148",143922,131521,118600,11743,4285,4965,2255,238,1178,1178,3171,6957,1803,431,39
"2021","South Norfolk","E07000149",141949,136640,131950,4193,2049,1312,684,148,497,497,1663,2350,908,366,22
"2021","Babergh","E07000200",92339,89789,87057,2476,1386,657,309,124,256,256,805,928,564,243,10
"2021","Ipswich","E07000202",139642,129333,114863,13396,3549,5425,4289,133,1074,1074,2663,5847,1525,198,76
"2021","Mid Suffolk","E07000203",102700,99596,96911,2449,1409,567,324,149,236,236,820,1006,996,261,21
"2021","St Albans","E07000240",148169,133848,122959,9486,5978,2145,1125,238,1403,1403,4057,6724,2470,1032,38
"2021","Welwyn Hatfield","E07000241",119836,105512,93466,10616,3572,3515,3051,478,1430,1430,5291,7204,1420,367,42
"2021","East Hertfordshire","E07000242",150158,142997,133893,8151,4709,1962,1235,245,953,953,2253,2870,1457,546,35
"2021","Stevenage","E07000243",89492,81026,74744,5701,1969,1890,1692,150,581,581,2881,4637,796,133,19
"2021","East Suffolk","E07000244",246060,238731,231386,6725,3520,1824,1095,286,620,620,2055,3233,1495,513,33
"2021","West Suffolk","E07000245",179949,160969,149325,10778,4339,4462,1685,292,866,866,2049,4140,12152,568,71
"2021","City of London","E09000001",8582,6253,4327,1577,1188,260,79,50,349,349,312,1167,641,204,5
"2021","Barking and Dagenham","E09000002",218870,163967,128483,28745,7149,8940,12165,491,6739,6739,22774,28621,3252,126,130
"2021","Barnet","E09000003",389343,291082,221293,56049,22851,13616,16451,3131,13740,13740,27074,59613,9925,1558,91
"2021","Bexley","E09000004",246473,212492,194714,14694,5884,4421,3613,776,3084,3084,16056,14592,2878,414,41
"2021","Brent","E09000005",339815,209997,149239,55082,23869,11099,19184,930,5676,5676,33502,76536,18013,1535,232
"2021","Bromley","E09000006",329992,289600,263052,21790,11485,5471,3634,1200,4758,4758,12609,18632,7463,1598,90
"2021","Camden","E09000007",210136,152688,114647,30372,23602,3953,1706,1111,7669,7669,13084,28779,12650,2864,71
"2021","Croydon","E09000008",390720,296528,254536,36714,17266,11355,7074,1019,5278,5278,33692,38973,20180,1129,218
"2021","Ealing","E09000009",367115,243540,180561,54853,23804,22930,7005,1114,8126,8126,24615,84828,11705,2205,222
"2021","Enfield","E09000010",329984,271721,196824,48917,14935,8750,15076,10156,25980,25980,27252,19641,10271,656,443
"2021","Greenwich","E09000011",289067,219846,180578,32282,15484,8651,7037,1110,6986,6986,30191,27892,9498,1526,114
"2021","Hackney","E09000012",259146,200394,156219,32308,23170,5566,2016,1556,11867,11867,19978,17049,16348,4494,883
"2021","Hammersmith and Fulham","E09000013",183157,136882,99818,31230,23959,4612,1926,733,5834,5834,12626,18935,11365,3252,97
"2021","Haringey","E09000014",264238,208026,143117,48512,21786,11107,12256,3363,16397,16397,19709,15418,18683,1999,403
"2021","Harrow","E09000015",261203,169289,127612,38141,10462,5397,21821,461,3536,3536,26748,59517,4985,545,119
"2021","Havering","E09000016",262051,234186,211166,18202,5345,5684,6564,609,4818,4818,10377,14233,2777,365,113
"2021","Hillingdon","E09000017",305909,221188,188260,28409,12342,9021,6533,513,4519,4519,18523,60435,4955,687,121
"2021","Hounslow","E09000018",288176,188571,145556,36146,13377,14744,7403,622,6869,6869,19197,73070,5867,1374,97
"2021","Islington","E09000019",216589,170000,130213,31308,24123,3738,1976,1471,8479,8479,13787,15510,12578,4435,279
"2021","Kensington and Chelsea","E09000020",143375,100579,66063,27515,23259,2480,1263,513,7001,7001,9370,18967,12261,2110,88
"2021","Kingston upon Thames","E09000021",168066,132294,111412,17191,9336,4429,2981,445,3691,3691,6771,23722,4079,1130,70
"2021","Lambeth","E09000022",317654,241250,195091,41705,30869,7232,2683,921,4454,4454,27147,16048,28593,4461,155
"2021","Lewisham","E09000023",300553,232343,193483,33189,18866,7305,5429,1589,5671,5671,25122,18898,21976,2035,179
"2021","Merton","E09000024",215185,162015,127245,29973,13923,9404,6086,560,4797,4797,15107,26474,9640,1858,91
"2021","Newham","E09000025",351036,227760,162447,55988,19035,14082,22255,616,9325,9325,29170,81288,11720,788,310
"2021","Redbridge","E09000026",310260,216641,174963,32557,11089,7001,13531,936,9121,9121,17331,70360,5132,579,217
"2021","Richmond upon Thames","E09000027",195278,164595,139053,20012,13387,4381,1707,537,5530,5530,6823,14039,6971,2788,62
"2021","Southwark","E09000028",307632,224631,182392,36655,26441,5926,2721,1567,5584,5584,32903,21775,25034,3141,148
"2021","Sutton","E09000029",209636,171810,151447,16998,7397,5096,4121,384,3365,3365,9215,24124,3779,661,47
"2021","Tower Hamlets","E09000030",310306,215094,165081,43117,30302,7411,4304,1100,6896,6896,13161,67881,10816,3196,158
"2021","Waltham Forest","E09000031",278429,223314,171070,41633,12851,10869,16453,1460,10611,10611,16683,25839,10586,1558,449
"2021","Wandsworth","E09000032",327506,255054,203322,44346,30968,9180,3271,927,7386,7386,20281,27757,18167,6088,159
"2021","Westminster","E09000033",204238,136883,90702,36447,29082,4119,2179,1067,9734,9734,13881,35636,14875,2868,95
"2021","Medway","E06000035",279773,258295,241119,15239,5344,5619,3696,580,1937,1937,8764,9945,2270,443,56
"2021","Bracknell Forest","E06000036",124607,112260,102964,7810,3406,2849,1303,252,1486,1486,3963,6462,1495,395,32
"2021","West Berkshire","E06000037",161447,150764,141996,7953,3879,2605,1253,216,815,815,3204,5024,1809,587,59
"2021","Reading","E06000038",174225,138571,115894,19722,8215,7017,3996,494,2955,2955,8045,23085,3857,582,85
"2021","Slough","E06000039",158500,109302,88806,19042,5019,10006,3876,141,1454,1454,8662,38461,1633,161,281
"2021","Windsor and Maidenhead","E06000040",153496,133776,120245,11801,6967,3354,1203,277,1730,1730,4861,10805,2879,1095,80
"2021","Wokingham","E06000041",177502,154676,143891,9211,4925,2468,1538,280,1574,1574,5656,14264,2173,683,50
"2021","Milton Keynes","E06000042",287060,241450,213215,25718,9816,8604,6870,428,2517,2517,19244,22004,3639,600,123
"2021","Brighton and Hove","E06000043",277103,249433,222760,23104,15099,5690,1743,572,3569,3569,7863,12517,5326,1759,205
"2021","Portsmouth","E06000044",208003,188936,172763,14731,5198,4901,3986,646,1442,1442,5515,10925,2012,463,152
"2021","Southampton","E06000045",248921,219770,188823,28800,8526,14912,4821,541,2147,2147,6819,18768,2758,614,192
"2021","Isle of Wight","E06000046",140459,136283,131851,3964,2387,930,446,201,468,468,1186,1804,802,350,34
"2021","Buckinghamshire","E06000060",553078,495731,461030,31546,14538,9653,6526,829,3155,3155,13385,33538,7994,2311,119
"2021","Eastbourne","E07000061",101686,94907,86238,7671,3915,2316,1207,233,998,998,1918,3427,1123,276,35
"2021","Hastings","E07000062",90991,85942,80653,4601,1863,1652,927,159,688,688,1383,2551,783,309,23
"2021","Lewes","E07000063",99904,95314,91059,3834,2376,1024,311,123,421,421,1360,1868,991,351,20
"2021","Rother","E07000064",93112,89198,86089,2746,1874,487,262,123,363,363,1202,1549,845,289,29
"2021","Wealden","E07000065",160151,153648,147986,5037,3225,1047,544,221,625,625,2049,2529,1277,603,45
"2021","Basingstoke and Deane","E07000084",185158,168965,157505,10439,4402,3984,1799,254,1021,1021,4568,9276,1809,490,50
"2021","East Hampshire","E07000085",125744,119392,113737,5149,2741,1395,783,230,506,506,2067,2565,1113,552,55
"2021","Eastleigh","E07000086",136443,129263,123713,5009,2339,1715,723,232,541,541,2197,3720,871,342,50
"2021","Fareham","E07000087",114513,110359,106737,3229,1804,665,403,357,393,393,1284,1955,595,269,51
"2021","Gosport","E07000088",81954,78969,75997,2660,1306,708,331,315,312,312,750,1277,702,215,41
"2021","Hart","E07000089",99408,92515,87770,4296,2627,991,514,164,449,449,2351,3110,976,438,18
"2021","Havant","E07000090",124207,120073,116201,3544,1725,729,745,345,328,328,1213,2017,618,214,72
"2021","New Forest","E07000091",175786,169516,163689,5199,3076,1295,571,257,628,628,2071,2398,1097,624,80
"2021","Rushmoor","E07000092",99754,82542,75967,5861,2714,1584,1340,223,714,714,2229,13613,973,371,26
"2021","Test Valley","E07000093",130492,122991,115982,6374,3238,2235,653,248,635,635,2276,3681,1012,494,38
"2021","Winchester","E07000094",127444,119375,113477,5127,3196,1248,444,239,771,771,2102,3832,1416,667,52
"2021","Ashford","E07000105",132748,121310,114942,5677,2611,1959,928,179,691,691,2915,7165,946,376,36
"2021","Canterbury","E07000106",157429,146966,137129,8581,4691,1601,1885,404,1256,1256,3029,5287,1591,487,69
"2021","Dartford","E07000107",116753,101903,93777,7098,2313,2846,1780,159,1028,1028,6625,6968,1073,163,21
"2021","Dover","E07000108",116410,111956,106575,4969,2326,1972,461,210,412,412,1100,2259,752,316,27
"2021","Gravesham","E07000109",106900,95342,86328,8164,1947,4098,1986,133,850,850,3849,6638,815,203,53
"2021","Maidstone","E07000110",175780,163904,151237,11191,3338,4215,3408,230,1476,1476,3458,6769,1190,424,35
"2021","Sevenoaks","E07000111",120513,112948,107235,4900,2833,1242,637,188,813,813,2660,2866,1370,637,32
"2021","Folkestone and Hythe","E07000112",109757,103319,98281,4567,2497,1354,523,193,471,471,1245,4247,640,295,11
"2021","Swale","E07000113",151677,146654,139533,6487,1956,2502,1809,220,634,634,2295,1768,674,265,21
"2021","Thanet","E07000114",140587,134857,126862,7119,2554,3452,786,327,876,876,1689,2758,881,372,30
"2021","Tonbridge and Malling","E07000115",132207,125392,120359,4412,2298,1139,778,197,621,621,2244,3079,1000,460,32
"2021","Tunbridge Wells","E07000116",115310,106783,99728,6329,3040,1795,1319,175,726,726,2390,4202,1253,648,34
"2021","Cherwell","E07000177",161017,147871,132685,13640,4833,5540,3048,219,1546,1546,3123,6531,2858,597,37
"2021","Oxford","E07000178",162040,128170,105387,19221,11700,4528,2482,511,3562,3562,5715,19233,7516,1335,71
"2021","South Oxfordshire","E07000179",149083,139430,130136,8383,4298,2756,1070,259,911,911,2878,3783,2132,828,32
"2021","Vale of White Horse","E07000180",138913,128347,119245,8074,4870,1936,1012,256,1028,1028,2805,4757,2240,706,58
"2021","West Oxfordshire","E07000181",114237,108397,102123,5762,3035,1624,858,245,512,512,1751,2020,1493,539,37
"2021","Elmbridge","E07000207",138754,121124,109048,10211,6177,2621,1128,285,1865,1865,5588,7026,3590,1383,43
"2021","Epsom and Ewell","E07000208",80938,69815,63540,5501,3179,1339,824,159,774,774,3290,5996,1417,398,22
"2021","Guildford","E07000209",143649,127387,116160,9796,5490,2475,1420,411,1431,1431,4298,8446,2577,890,51
"2021","Mole Valley","E07000210",87385,81101,76578,4030,2318,1121,476,115,493,493,2295,2346,1107,515,21
"2021","Reigate and Banstead","E07000211",150850,135324,126218,8018,4481,1962,1336,239,1088,1088,5034,7806,2006,640,40
"2021","Runnymede","E07000212",88079,78299,70554,6622,3656,1666,1167,133,1123,1123,2562,5008,1806,389,15
"2021","Spelthorne","E07000213",102954,89983,81469,7574,3109,2892,1410,163,940,940,3069,8333,1240,303,26
"2021","Surrey Heath","E07000214",90452,80428,75028,4780,2681,1215,755,129,620,620,2908,5616,1080,387,33
"2021","Tandridge","E07000215",87873,82030,78193,3351,2016,773,414,148,486,486,2119,2272,1022,405,25
"2021","Waverley","E07000216",128227,118924,111898,6185,3904,1294,786,201,841,841,2894,3604,1800,964,41
"2021","Woking","E07000217",103942,88437,78797,8632,4559,2231,1684,158,1008,1008,3868,8988,2092,523,34
"2021","Adur","E07000223",64543,61735,59300,2098,1223,624,181,70,337,337,948,1229,467,155,9
"2021","Arun","E07000224",164890,159301,147218,11040,3171,6073,1562,234,1043,1043,1691,2358,1114,380,46
"2021","Chichester","E07000225",124068,117613,111578,5557,2850,1749,769,189,478,478,1895,2542,1351,618,49
"2021","Crawley","E07000226",118493,100373,86743,12331,4536,4584,3082,129,1299,1299,6414,9965,1431,192,118
"2021","Horsham","E07000227",146780,138348,131674,5944,3558,1416,812,158,730,730,2802,3556,1458,581,35
"2021","Mid Sussex","E07000228",152566,142365,134395,7115,4027,1680,1187,221,855,855,2967,4767,1716,695,56
"2021","Worthing","E07000229",111337,104483,97846,5910,2898,1800,1062,150,727,727,1854,3708,943,321,28
"2021","Bath and North East Somerset","E06000022",193409,181395,170090,10080,5782,2549,1430,319,1225,1225,2754,6039,2257,895,69
"2021","Bristol, City of","E06000023",472465,424042,383497,37251,18316,13152,5055,728,3294,3294,14888,22438,9117,1813,167
"2021","North Somerset","E06000024",216731,209519,198533,10174,3734,3999,2058,383,812,812,2336,3084,1240,506,46
"2021","South Gloucestershire","E06000025",290424,274565,259756,13490,5105,5411,2663,311,1319,1319,4356,8488,2365,561,89
"2021","Plymouth","E06000026",264695,253301,240345,12000,4604,4585,2079,732,956,956,3036,6235,1510,518,95
"2021","Torbay","E06000027",139321,135005,129424,5093,2212,2030,647,204,488,488,1113,2282,624,271,26
"2021","Swindon","E06000030",233408,201634,185756,14275,5668,5600,2698,309,1603,1603,5090,21939,3942,465,338
"2021","Cornwall","E06000052",570305,556690,540148,15227,8128,4558,1821,720,1315,1315,4018,5165,2798,1502,132
"2021","Isles of Scilly","E06000053",2053,2019,1940,72,29,30,12,1,7,7,11,8,10,5,0
"2021","Wiltshire","E06000054",510333,484417,459802,22807,12965,6153,2615,1074,1808,1808,7249,11453,4325,2678,211
"2021","Bournemouth, Christchurch and Poole","E06000058",400196,372146,338248,30160,12620,12098,4883,559,3738,3738,7173,13000,6623,1116,138
"2021","Dorset","E06000059",379579,367155,354852,11242,6803,2713,1179,547,1061,1061,3645,5315,2264,1109,91
"2021","East Devon","E07000040",150831,146242,141530,4262,2315,1098,649,200,450,450,1361,1874,840,490,24
"2021","Exeter","E07000041",130709,120437,111104,8204,3860,2747,1368,229,1129,1129,1882,6430,1484,436,40
"2021","Mid Devon","E07000042",82850,80810,77676,2924,1078,1407,348,91,210,210,679,768,368,215,10
"2021","North Devon","E07000043",98611,95784,93196,2396,1317,620,365,94,192,192,799,1250,487,280,11
"2021","South Hams","E07000044",88627,85633,83086,2295,1557,431,143,164,252,252,862,1063,692,349,28
"2021","Teignbridge","E07000045",134803,131287,127824,3084,1810,767,353,154,379,379,1148,1349,651,339,29
"2021","Torridge","E07000046",68114,66803,65384,1287,780,320,103,84,132,132,423,464,264,146,14
"2021","West Devon","E07000047",57096,55497,53989,1345,795,318,155,77,163,163,509,597,312,166,15
"2021","Cheltenham","E07000078",118837,110593,101541,8232,3315,3145,1522,250,820,820,1991,4131,1555,504,63
"2021","Cotswold","E07000079",90831,86344,82833,3252,1924,731,453,144,259,259,1378,1514,998,551,46
"2021","Forest of Dean","E07000080",87004,85070,82569,2269,996,629,547,97,232,232,587,784,338,219,6
"2021","Gloucester","E07000081",132416,122753,113343,8900,2529,4515,1618,238,510,510,2749,5244,1424,221,25
"2021","Stroud","E07000082",121105,117103,113160,3608,2111,1039,310,148,335,335,1286,1365,903,415,33
"2021","Tewkesbury","E07000083",94884,91249,87116,3832,1831,1346,457,198,301,301,1041,1685,583,288,38
"2021","Mendip","E07000187",116085,111958,106933,4658,2356,1448,709,145,367,367,1127,1584,952,444,20
"2021","Sedgemoor","E07000188",125345,121677,114721,6501,2010,3158,1195,138,455,455,884,1961,549,252,22
"2021","South Somerset","E07000189",172671,166839,158140,8237,3256,3173,1593,215,462,462,1603,2691,1028,459,51
"2021","Somerset West and Taunton","E07000246",157445,150933,142957,7376,2945,2749,1442,240,600,600,1787,3367,894,430,34
"2021","Isle of Anglesey","W06000001",68880,67862,66583,1137,838,168,73,58,142,142,258,480,186,86,8
"2021","Gwynedd","W06000002",117392,114003,111034,2699,1425,822,383,69,270,270,665,1986,529,196,13
"2021","Conwy","W06000003",114741,111976,108801,2885,1760,781,261,83,290,290,621,1459,470,205,10
"2021","Denbighshire","W06000004",95817,93382,91306,1843,1044,558,188,53,233,233,481,1532,266,149,7
"2021","Flintshire","W06000005",154962,152279,144952,6981,1908,3227,1707,139,346,346,706,1350,424,197,6
"2021","Wrexham","W06000006",135119,131712,124476,6815,1881,3812,1018,104,421,421,971,1959,334,136,7
"2021","Ceredigion","W06000008",71475,69227,66430,2544,1111,1152,215,66,253,253,530,1124,420,164,10
"2021","Pembrokeshire","W06000009",123360,120739,117408,3034,1940,669,276,149,297,297,651,1282,478,192,18
"2021","Carmarthenshire","W06000010",187897,184002,178385,5239,1924,2699,498,118,378,378,933,2148,539,259,16
"2021","Swansea","W06000011",238490,225123,216019,8089,3521,3076,1296,196,1015,1015,3120,8685,1167,360,35
"2021","Neath Port Talbot","W06000012",142289,139599,137115,2219,1169,626,334,90,265,265,554,1675,339,109,13
"2021","Bridgend","W06000013",145487,142521,139225,3049,1337,1206,378,128,247,247,717,1704,370,164,11
"2021","Vale of Glamorgan","W06000014",131939,127726,124315,3047,2086,565,203,193,364,364,967,2275,669,281,21
"2021","Cardiff","W06000015",362308,322003,302460,17525,9444,5522,2003,556,2018,2018,10675,25712,3087,768,63
"2021","Rhondda Cynon Taff","W06000016",237649,232894,228753,3748,1891,1255,388,214,393,393,1247,2795,495,203,15
"2021","Caerphilly","W06000018",175948,173639,170772,2618,1336,921,245,116,249,249,516,1267,335,182,9
"2021","Blaenau Gwent","W06000019",66900,66112,64757,1232,364,712,129,27,123,123,192,466,85,42,3
"2021","Torfaen","W06000020",92276,90551,88990,1410,776,483,106,45,151,151,383,1065,177,95,5
"2021","Monmouthshire","W06000021",92958,90229,87843,2152,1322,542,200,88,234,234,743,1219,524,234,9
"2021","Newport","W06000022",159594,148759,140174,7920,2399,4044,1313,164,665,665,2886,6938,821,163,27
"2021","Powys","W06000023",133168,130107,126711,3160,1556,1106,405,93,236,236,737,1452,533,327,12
"2021","Merthyr Tydfil","W06000024",58839,57756,55553,2125,561,1284,255,25,78,78,168,755,127,32,1
